{
  "ver": "1",
  "config": "",
  "playlistServer": {
    "name": "orange",
    "baseUrl": "http://ads.nexage.com"
  },
  "handshakeBaseUrl": "https://ads.nexage.com",
  "rptBaseUrl": "http://ads.nexage.com",
  "ttl": 86400000,
  "rptBatchSize": 5,
  "rptFreq": 120000,
  "inlineTmax": 10000,
  "instlTmax": 30000,
  "nativeTmax": 20000,
  "clientAdTmax": 10000,
  "serverAdTmax": 10000,
  "exTmax": 10000,
  "syTmax": 10000,
  "vastSkipOffsetMax": 7500,
  "vastSkipOffsetMin": 7500,
  "vpaid": {
    "startAdTimeout": 5000,
    "skipAdTimeout": 500,
    "adUnitTimeout": 5000,
    "htmlEndCardTimeout": 5000,
    "maxBackButtonDelay": 2000
  },
  "minInlineRefresh": 20000,
  "minImpressionViewabilityPercent": 0,
  "minImpressionDuration": 0,
  "instlExpDur": 3600000,
  "nativeExpDur": 3600000,
  "nativeConfig": {
    "typeDefs": {
      "100": {
        "name": "inline",
        "components": {
          "title": {
            "advertiserRequired": 1,
            "publisherRequired": 1
          },
          "body": {
            "advertiserRequired": 1,
            "publisherRequired": 0
          },
          "iconImage": {
            "advertiserRequired": 1,
            "publisherRequired": 1
          },
          "mainImage": {
            "advertiserRequired": 1,
            "publisherRequired": 0
          },
          "callToAction": {
            "advertiserRequired": 1,
            "publisherRequired": 1
          },
          "rating": {
            "advertiserRequired": 0,
            "publisherRequired": 0
          },
          "disclaimer": {
            "advertiserRequired": 0,
            "publisherRequired": 1
          }
        }
      },
      "101": {
        "name": "facebook",
        "components": {
          "title": {
            "advertiserRequired": 1,
            "publisherRequired": 1
          },
          "iconImage": {
            "advertiserRequired": 1,
            "publisherRequired": 1
          },
          "mainImage": {
            "advertiserRequired": 1,
            "publisherRequired": 1
          },
          "callToAction": {
            "advertiserRequired": 1,
            "publisherRequired": 1
          },
          "disclaimer": {
            "advertiserRequired": 0,
            "publisherRequired": 1
          }
        }
      }
    }
  }
}